page,viewport_px,dpr,baseline_original_bytes,library_bytes,savings_vs_original_pct,baseline_jpeg1920q80_bytes,savings_vs_jpeg_pct,runs
/,375,1,29015997,48055,99.83,547230,91.22,3
/,640,1,29015997,76243,99.74,547230,86.07,3
/,768,1,29015997,136425,99.53,547230,75.07,3
/,1024,1,52407077,213461,99.59,408156,47.7,3
/,1280,1,52407077,268460,99.49,408156,34.23,3
/,1920,1,52407077,326323,99.38,408156,20.05,3
/,375,2,29015997,84002,99.71,547230,84.65,3
/,1280,2,52407077,332142,99.37,408156,18.62,3
/asesoramiento/consultoria/,375,1,2472437,33812,98.63,262325,87.11,3
/asesoramiento/consultoria/,640,1,2472437,72976,97.05,262325,72.18,3
/asesoramiento/consultoria/,768,1,2472437,110435,95.53,262325,57.9,3
/asesoramiento/consultoria/,1024,1,2472437,110435,95.53,262325,57.9,3
/asesoramiento/consultoria/,1280,1,2472437,110435,95.53,262325,57.9,3
/asesoramiento/consultoria/,1920,1,2472437,110435,95.53,262325,57.9,3
/asesoramiento/consultoria/,375,2,2472437,94772,96.17,262325,63.87,3
/asesoramiento/consultoria/,1280,2,2472437,110435,95.53,262325,57.9,3
/asesoramiento/soporte/,375,1,2921679,45658,98.44,278489,83.61,3
/asesoramiento/soporte/,640,1,2921679,94534,96.76,278489,66.05,3
/asesoramiento/soporte/,768,1,2921679,133985,95.41,278489,51.89,3
/asesoramiento/soporte/,1024,1,2921679,133985,95.41,278489,51.89,3
/asesoramiento/soporte/,1280,1,2921679,133985,95.41,278489,51.89,3
/asesoramiento/soporte/,1920,1,2921679,133985,95.41,278489,51.89,3
/asesoramiento/soporte/,375,2,2921679,117711,95.97,278489,57.73,3
/asesoramiento/soporte/,1280,2,2921679,133985,95.41,278489,51.89,3
/capacitacion/,375,1,1288001,20304,98.42,117281,82.69,3
/capacitacion/,640,1,1288001,35208,97.27,117281,69.98,3
/capacitacion/,768,1,1288001,46361,96.4,117281,60.47,3
/capacitacion/,1024,1,5645557,230354,95.92,528924,56.45,3
/capacitacion/,1280,1,5645557,230354,95.92,528924,56.45,3
/capacitacion/,1920,1,5645557,230354,95.92,528924,56.45,3
/capacitacion/,375,2,1288001,41699,96.76,117281,64.45,3
/capacitacion/,1280,2,5645557,230354,95.92,528924,56.45,3
/productos/eco-aislacion/,375,1,5428103,16494,99.7,192150,91.42,3
/productos/eco-aislacion/,640,1,5428103,25544,99.53,192150,86.71,3
/productos/eco-aislacion/,768,1,5428103,42083,99.22,192150,78.1,3
/productos/eco-aislacion/,1024,1,5534118,81408,98.53,284835,71.42,3
/productos/eco-aislacion/,1280,1,5534118,122820,97.78,284835,56.88,3
/productos/eco-aislacion/,1920,1,5534118,132063,97.61,284835,53.64,3
/productos/eco-aislacion/,375,2,5428103,25544,99.53,192150,86.71,3
/productos/eco-aislacion/,1280,2,5534118,137882,97.51,284835,51.59,3
/productos/premecol/,375,1,5486456,23630,99.57,229027,89.68,3
/productos/premecol/,640,1,5486456,39095,99.29,229027,82.93,3
/productos/premecol/,768,1,5486456,60858,98.89,229027,73.43,3
/productos/premecol/,1024,1,5684578,126210,97.78,401881,68.6,3
/productos/premecol/,1280,1,5684578,167622,97.05,401881,58.29,3
/productos/premecol/,1920,1,5684578,199116,96.5,401881,50.45,1
/productos/premecol/,375,2,5486456,42081,99.23,229027,81.63,1
/productos/premecol/,1280,2,5684578,204935,96.39,401881,49.01,1
/productos/wpc-deck/,375,1,5428103,16494,99.7,192150,91.42,1
/productos/wpc-deck/,640,1,5428103,25544,99.53,192150,86.71,1
/productos/wpc-deck/,768,1,5428103,42083,99.22,192150,78.1,1
/productos/wpc-deck/,1024,1,5534118,81408,98.53,284835,71.42,1
/productos/wpc-deck/,1280,1,5534118,122820,97.78,284835,56.88,1
/productos/wpc-deck/,1920,1,5534118,132063,97.61,284835,53.64,1
/productos/wpc-deck/,375,2,5428103,25544,99.53,192150,86.71,1
/productos/wpc-deck/,1280,2,5534118,137882,97.51,284835,51.59,1
